fpr,tpr,threshold
0.0,0.0,inf
0.0,0.001072961373390558,0.99999976
0.0,0.059012875536480686,0.99925834
0.0002354603249352484,0.059012875536480686,0.99923515
0.0002354603249352484,0.09012875536480687,0.9979692
0.0004709206498704968,0.09012875536480687,0.9979572
0.0004709206498704968,0.09549356223175966,0.9976985
0.0009418412997409936,0.09549356223175966,0.9976648
0.0009418412997409936,0.10085836909871244,0.9971615
0.0016482222745467388,0.10085836909871244,0.9970277
0.0016482222745467388,0.11695278969957082,0.99640214
0.0021191429244172355,0.11695278969957082,0.9962214
0.0021191429244172355,0.12124463519313304,0.9957723
0.0025900635742877325,0.12124463519313304,0.995612
0.0025900635742877325,0.13090128755364808,0.9942918
0.0028255238992229807,0.13090128755364808,0.9941917
0.0028255238992229807,0.13412017167381973,0.9936667
0.0030609842241582294,0.13412017167381973,0.9935736
0.0030609842241582294,0.1351931330472103,0.99337405
0.0032964445490934777,0.1351931330472103,0.99324256
0.0032964445490934777,0.1405579399141631,0.99269074
0.0037673651989639746,0.1405579399141631,0.99259984
0.0037673651989639746,0.15879828326180256,0.9904109
0.004002825523899223,0.15879828326180256,0.9903768
0.004002825523899223,0.16952789699570817,0.98924285
0.004238285848834471,0.16952789699570817,0.98891324
0.004238285848834471,0.17167381974248927,0.98877513
0.00447374617376972,0.17167381974248927,0.98860824
0.00447374617376972,0.1759656652360515,0.98719925
0.005180127148575465,0.1759656652360515,0.9863055
0.005180127148575465,0.17703862660944206,0.98618907
0.0056510477984459614,0.17703862660944206,0.98584753
0.0056510477984459614,0.1781115879828326,0.98566645
0.006121968448316459,0.1781115879828326,0.9855865
0.006121968448316459,0.1791845493562232,0.98555076
0.0063574287732517075,0.1791845493562232,0.9854313
0.0063574287732517075,0.1834763948497854,0.98409075
0.006592889098186955,0.1834763948497854,0.9839123
0.006592889098186955,0.19206008583690987,0.9817693
0.006828349423122204,0.19206008583690987,0.9814812
0.006828349423122204,0.19527896995708155,0.9806951
0.007063809748057453,0.19527896995708155,0.98042494
0.007063809748057453,0.20278969957081544,0.97851366
0.0072992700729927005,0.20278969957081544,0.97787493
0.0072992700729927005,0.2092274678111588,0.9755348
0.007770190722863198,0.2092274678111588,0.97511137
0.007770190722863198,0.21888412017167383,0.9713109
0.008005651047798447,0.21888412017167383,0.9705732
0.008005651047798447,0.21995708154506438,0.9701322
0.008241111372733695,0.21995708154506438,0.9696642
0.008241111372733695,0.22317596566523606,0.9684912
0.00871203202260419,0.22317596566523606,0.96654963
0.00871203202260419,0.22532188841201717,0.9663426
0.009182952672474688,0.22532188841201717,0.9636506
0.009182952672474688,0.22639484978540772,0.9630462
0.009418412997409937,0.22639484978540772,0.9621752
0.009418412997409937,0.2349785407725322,0.9586343
0.009889333647280433,0.2349785407725322,0.9583871
0.009889333647280433,0.24248927038626608,0.9558277
0.010831174947021427,0.24248927038626608,0.9517855
0.010831174947021427,0.2553648068669528,0.94512635
0.011537555921827172,0.2553648068669528,0.9445867
0.011537555921827172,0.2575107296137339,0.9423382
0.01177301624676242,0.2575107296137339,0.9414776
0.01177301624676242,0.25858369098712447,0.941083
0.012008476571697669,0.25858369098712447,0.9403409
0.012008476571697669,0.2757510729613734,0.9339545
0.012479397221568166,0.2757510729613734,0.9332771
0.012479397221568166,0.2778969957081545,0.93216556
0.012714857546503415,0.2778969957081545,0.9318805
0.012714857546503415,0.2800429184549356,0.9308384
0.012950317871438662,0.2800429184549356,0.9303016
0.012950317871438662,0.2821888412017167,0.92902416
0.01318577819637391,0.2821888412017167,0.9288062
0.01318577819637391,0.2832618025751073,0.9280329
0.01342123852130916,0.2832618025751073,0.9280188
0.01342123852130916,0.2854077253218884,0.92737937
0.013656698846244408,0.2854077253218884,0.9241702
0.013656698846244408,0.2929184549356223,0.9209563
0.013892159171179657,0.2929184549356223,0.920713
0.013892159171179657,0.29721030042918456,0.91720146
0.014127619496114905,0.29721030042918456,0.91506433
0.014127619496114905,0.2982832618025751,0.9149535
0.014363079821050152,0.2982832618025751,0.9144746
0.014363079821050152,0.30042918454935624,0.9130142
0.01483400047092065,0.30042918454935624,0.9107131
0.01483400047092065,0.30150214592274677,0.9101973
0.015069460795855898,0.30150214592274677,0.90925014
0.015069460795855898,0.30257510729613735,0.9081011
0.015304921120791147,0.30257510729613735,0.9065352
0.015304921120791147,0.30579399141630903,0.905018
0.015540381445726396,0.30579399141630903,0.9046197
0.015540381445726396,0.31008583690987124,0.90232027
0.016246762420532142,0.31008583690987124,0.8995653
0.016246762420532142,0.3111587982832618,0.8991734
0.01648222274546739,0.3111587982832618,0.89902943
0.01648222274546739,0.3143776824034335,0.89667165
0.017188603720273133,0.3143776824034335,0.894891
0.017188603720273133,0.315450643776824,0.8929229
0.018130445020014128,0.315450643776824,0.88509715
0.018130445020014128,0.3165236051502146,0.8849589
0.018365905344949376,0.3165236051502146,0.8835171
0.018365905344949376,0.3186695278969957,0.8823411
0.019072286319755122,0.3186695278969957,0.88123786
0.019072286319755122,0.3208154506437768,0.880953
0.020014127619496114,0.3208154506437768,0.8758208
0.020014127619496114,0.3272532188841202,0.8698322
0.020249587944431362,0.3272532188841202,0.86633533
0.020249587944431362,0.33261802575107297,0.8629803
0.02072050859430186,0.33261802575107297,0.86204135
0.02072050859430186,0.33369098712446355,0.86129016
0.02095596891923711,0.33369098712446355,0.8599623
0.02095596891923711,0.33476394849785407,0.8584173
0.022133270543913352,0.33476394849785407,0.85170346
0.022133270543913352,0.3369098712446352,0.8489761
0.0223687308688486,0.3369098712446352,0.8486993
0.0223687308688486,0.33798283261802575,0.84582186
0.022604191193783846,0.33798283261802575,0.84501225
0.022604191193783846,0.34012875536480686,0.8415811
0.022839651518719094,0.34012875536480686,0.84006333
0.022839651518719094,0.34120171673819744,0.8398788
0.02354603249352484,0.34120171673819744,0.8378418
0.02354603249352484,0.3444206008583691,0.83362234
0.024016953143395338,0.3444206008583691,0.830437
0.024016953143395338,0.34549356223175964,0.829669
0.024252413468330587,0.34549356223175964,0.82473177
0.024252413468330587,0.34763948497854075,0.8230132
0.02519425476807158,0.34763948497854075,0.82080305
0.02519425476807158,0.3487124463519313,0.82054347
0.025900635742877324,0.3487124463519313,0.82005185
0.025900635742877324,0.35085836909871243,0.81649125
0.026136096067812573,0.35085836909871243,0.81484425
0.026136096067812573,0.351931330472103,0.80936337
0.02660701671768307,0.351931330472103,0.807373
0.02660701671768307,0.3583690987124464,0.7902602
0.027077937367553567,0.3583690987124464,0.7896833
0.027077937367553567,0.3594420600858369,0.78649396
0.027313397692488816,0.3594420600858369,0.7863042
0.027313397692488816,0.3605150214592275,0.78622013
0.027548858017424065,0.3605150214592275,0.7844149
0.027548858017424065,0.36373390557939916,0.78339833
0.02825523899222981,0.36373390557939916,0.77733
0.02825523899222981,0.36587982832618027,0.7761545
0.02849069931716506,0.36587982832618027,0.77534574
0.02849069931716506,0.36802575107296137,0.7750364
0.028961619967035553,0.36802575107296137,0.77034444
0.028961619967035553,0.3701716738197425,0.76950616
0.02943254061690605,0.3701716738197425,0.76653504
0.02943254061690605,0.3723175965665236,0.7628754
0.0296680009418413,0.3723175965665236,0.761236
0.0296680009418413,0.37553648068669526,0.7552474
0.029903461266776548,0.37553648068669526,0.75254434
0.029903461266776548,0.37660944206008584,0.75031114
0.030374381916647045,0.37660944206008584,0.7455407
0.030374381916647045,0.37875536480686695,0.7437319
0.03131622321638804,0.37875536480686695,0.73968995
0.03131622321638804,0.38090128755364805,0.7362887
0.03155168354132329,0.38090128755364805,0.73435104
0.03155168354132329,0.38197424892703863,0.73410827
0.032022604191193786,0.38197424892703863,0.73128235
0.032022604191193786,0.3851931330472103,0.7269819
0.03225806451612903,0.3851931330472103,0.72563404
0.03225806451612903,0.38626609442060084,0.72489583
0.032493524841064284,0.38626609442060084,0.7229195
0.032493524841064284,0.3873390557939914,0.722468
0.03272898516599953,0.3873390557939914,0.72048336
0.03272898516599953,0.3916309012875536,0.71062523
0.03367082646574052,0.3916309012875536,0.7094325
0.03367082646574052,0.3937768240343348,0.70684373
0.03390628679067577,0.3937768240343348,0.69969743
0.03390628679067577,0.3969957081545064,0.698009
0.03531904874028726,0.3969957081545064,0.6907729
0.03531904874028726,0.4012875536480687,0.68717736
0.03555450906522251,0.4012875536480687,0.68392533
0.03602542971509301,0.4012875536480687,0.6836461
0.0364963503649635,0.4012875536480687,0.68131864
0.0364963503649635,0.40236051502145925,0.68000734
0.03673181068989875,0.40236051502145925,0.67755467
0.03673181068989875,0.4055793991416309,0.6729522
0.036967271014834,0.4055793991416309,0.6711911
0.036967271014834,0.40665236051502146,0.6680643
0.03767365198963975,0.40665236051502146,0.6646463
0.03767365198963975,0.40879828326180256,0.6574639
0.03790911231457499,0.40879828326180256,0.65715575
0.03790911231457499,0.40987124463519314,0.6565148
0.038144572639510245,0.40987124463519314,0.655492
0.038144572639510245,0.41201716738197425,0.6527719
0.03838003296444549,0.41201716738197425,0.6527126
0.03838003296444549,0.41416309012875535,0.6488457
0.03861549328938074,0.41416309012875535,0.64587593
0.03861549328938074,0.41523605150214593,0.64534885
0.03908641393925123,0.41523605150214593,0.64155936
0.03908641393925123,0.41630901287553645,0.6388696
0.04002825523899223,0.41630901287553645,0.632404
0.04002825523899223,0.41738197424892703,0.63117754
0.040499175888862725,0.41738197424892703,0.62775815
0.040499175888862725,0.41952789699570814,0.6244347
0.04073463621379798,0.41952789699570814,0.62158567
0.04073463621379798,0.4227467811158798,0.6175417
0.04097009653873322,0.4227467811158798,0.6164058
0.04097009653873322,0.4238197424892704,0.61437476
0.041205556863668474,0.4238197424892704,0.6135004
0.041205556863668474,0.4248927038626609,0.6134366
0.04144101718860372,0.4248927038626609,0.6090468
0.04144101718860372,0.4281115879828326,0.6048759
0.04167647751353897,0.4281115879828326,0.60461247
0.04167647751353897,0.4291845493562232,0.60436547
0.04285377913821521,0.4291845493562232,0.59728837
0.04285377913821521,0.43240343347639487,0.5912102
0.04332469978808571,0.43240343347639487,0.58371836
0.04332469978808571,0.4388412017167382,0.5723752
0.043560160113020954,0.4388412017167382,0.5721349
0.043560160113020954,0.43991416309012876,0.56858635
0.043795620437956206,0.43991416309012876,0.5677667
0.043795620437956206,0.4409871244635193,0.5654879
0.0447374617376972,0.4409871244635193,0.562692
0.0447374617376972,0.44206008583690987,0.56247044
0.044972922062632446,0.44206008583690987,0.5587296
0.044972922062632446,0.44313304721030045,0.5580975
0.04520838238756769,0.44313304721030045,0.55791783
0.04520838238756769,0.44420600858369097,0.5569494
0.045443842712502944,0.44420600858369097,0.5569223
0.045443842712502944,0.44635193133047213,0.55600387
0.04567930303743819,0.44635193133047213,0.55470246
0.04567930303743819,0.44849785407725323,0.5532504
0.04591476336237344,0.44849785407725323,0.5514496
0.04591476336237344,0.45064377682403434,0.5483605
0.04638568401224394,0.45064377682403434,0.54729295
0.04638568401224394,0.4517167381974249,0.547252
0.046621144337179184,0.4517167381974249,0.54640955
0.046621144337179184,0.45493562231759654,0.5383142
0.04756298563692018,0.45493562231759654,0.53280735
0.04756298563692018,0.4560085836909871,0.53157467
0.048033906286790676,0.4560085836909871,0.5301982
0.048033906286790676,0.4570815450643777,0.5293898
0.04897574758653167,0.4570815450643777,0.5233509
0.04897574758653167,0.46030042918454933,0.5192777
0.04968212856133741,0.46030042918454933,0.5184036
0.04968212856133741,0.4667381974248927,0.5099493
0.05085943018601366,0.4667381974248927,0.50543165
0.05085943018601366,0.4678111587982833,0.50406575
0.0520367318106899,0.4678111587982833,0.49820676
0.0520367318106899,0.4688841201716738,0.49678275
0.05321403343536614,0.4688841201716738,0.48971304
0.05321403343536614,0.47103004291845496,0.48723704
0.05368495408523664,0.47103004291845496,0.48262796
0.05368495408523664,0.47317596566523606,0.48191768
0.05392041441017189,0.47317596566523606,0.48022783
0.05392041441017189,0.4742489270386266,0.47967076
0.05486225570991288,0.4742489270386266,0.47317183
0.05486225570991288,0.47746781115879827,0.4715844
0.055333176359783375,0.47746781115879827,0.46805224
0.055333176359783375,0.47854077253218885,0.4608896
0.056039557334589124,0.47854077253218885,0.45557606
0.056039557334589124,0.48068669527896996,0.45285162
0.05627501765952437,0.48068669527896996,0.45061696
0.05627501765952437,0.48175965665236054,0.45019376
0.05674593830939487,0.48175965665236054,0.4489933
0.05674593830939487,0.48283261802575106,0.44783047
0.05698139863433012,0.48283261802575106,0.44548354
0.05698139863433012,0.48390557939914164,0.44247076
0.05745231928420061,0.48390557939914164,0.44199622
0.05745231928420061,0.49356223175965663,0.43448845
0.058629620908876856,0.49356223175965663,0.4282845
0.058629620908876856,0.4957081545064378,0.42655516
0.05910054155874735,0.4957081545064378,0.42342916
0.05910054155874735,0.5,0.41861743
0.0593360018836826,0.5,0.41630894
0.0593360018836826,0.5010729613733905,0.41269383
0.06004238285848835,0.5010729613733905,0.40697148
0.06004238285848835,0.5021459227467812,0.40486866
0.06027784318342359,0.5021459227467812,0.4042902
0.06027784318342359,0.5032188841201717,0.40160704
0.06074876383329409,0.5032188841201717,0.40063778
0.06074876383329409,0.5042918454935622,0.3979505
0.06145514480809983,0.5042918454935622,0.39580536
0.06145514480809983,0.5053648068669528,0.39351618
0.06192606545797033,0.5053648068669528,0.39212346
0.06192606545797033,0.5075107296137339,0.391361
0.06263244643277607,0.5075107296137339,0.38901803
0.06263244643277607,0.5085836909871244,0.38788468
0.06333882740758182,0.5085836909871244,0.38335833
0.06333882740758182,0.509656652360515,0.38263065
0.06451612903225806,0.509656652360515,0.3750907
0.06451612903225806,0.5118025751072961,0.3747506
0.0661643513068048,0.5118025751072961,0.36623418
0.0661643513068048,0.5128755364806867,0.3661138
0.06898987520602778,0.5128755364806867,0.35230398
0.06898987520602778,0.5150214592274678,0.3505251
0.06993171650576878,0.5150214592274678,0.34564194
0.06993171650576878,0.5160944206008584,0.34416622
0.07016717683070403,0.5160944206008584,0.34312943
0.07016717683070403,0.5171673819742489,0.34219036
0.07040263715563927,0.5171673819742489,0.34151796
0.07040263715563927,0.5203862660944206,0.34081787
0.07063809748057452,0.5203862660944206,0.34021837
0.07063809748057452,0.5225321888412017,0.3395099
0.07087355780550977,0.5225321888412017,0.33915013
0.07087355780550977,0.5236051502145923,0.33858252
0.07322816105486225,0.5236051502145923,0.326426
0.07322816105486225,0.5246781115879828,0.32635438
0.07369908170473276,0.5246781115879828,0.324227
0.07369908170473276,0.526824034334764,0.32317564
0.07464092300447375,0.526824034334764,0.31986016
0.07464092300447375,0.5278969957081545,0.31984672
0.07487638332940899,0.5278969957081545,0.3191199
0.07487638332940899,0.528969957081545,0.31908935
0.0753473039792795,0.528969957081545,0.31829417
0.0753473039792795,0.5311158798283262,0.3159832
0.07605368495408524,0.5311158798283262,0.3134825
0.07605368495408524,0.5321888412017167,0.31249717
0.07628914527902049,0.5321888412017167,0.31206226
0.07628914527902049,0.5354077253218884,0.30717805
0.07699552625382623,0.5354077253218884,0.3066191
0.07699552625382623,0.5364806866952789,0.30621767
0.07817282787850247,0.5364806866952789,0.30229446
0.07817282787850247,0.5375536480686696,0.30211413
0.07982105015304922,0.5375536480686696,0.2949483
0.07982105015304922,0.5396995708154506,0.2894466
0.08099835177772545,0.5396995708154506,0.28036788
0.08099835177772545,0.5407725321888412,0.27961874
0.0812338121026607,0.5407725321888412,0.27914867
0.0812338121026607,0.5418454935622318,0.2773847
0.0821756534024017,0.5418454935622318,0.27334058
0.0821756534024017,0.5429184549356223,0.27211782
0.08241111372733695,0.5429184549356223,0.27119106
0.08241111372733695,0.5439914163090128,0.27082455
0.08382387567694843,0.5439914163090128,0.26623955
0.08382387567694843,0.5450643776824035,0.26593104
0.08500117730162468,0.5450643776824035,0.2595375
0.08500117730162468,0.546137339055794,0.259146
0.08523663762655992,0.546137339055794,0.25866008
0.08523663762655992,0.5482832618025751,0.257964
0.08547209795149517,0.5482832618025751,0.2566542
0.08547209795149517,0.5504291845493562,0.2556616
0.08664939957617142,0.5504291845493562,0.24981022
0.08664939957617142,0.5515021459227468,0.2475659
0.08688485990110667,0.5515021459227468,0.246434
0.08688485990110667,0.5525751072961373,0.24547803
0.08712032022604191,0.5525751072961373,0.24463066
0.08712032022604191,0.5536480686695279,0.24409945
0.08759124087591241,0.5536480686695279,0.24326538
0.08759124087591241,0.5547210300429185,0.24267781
0.08853308217565341,0.5547210300429185,0.23731686
0.08853308217565341,0.555793991416309,0.23655485
0.0890040028255239,0.555793991416309,0.23597632
0.0890040028255239,0.5568669527896996,0.23578854
0.0894749234753944,0.5568669527896996,0.23474863
0.0894749234753944,0.5579399141630901,0.2338327
0.09041676477513538,0.5579399141630901,0.23187605
0.09041676477513538,0.5590128755364807,0.22971371
0.09182952672474688,0.5590128755364807,0.22685662
0.09182952672474688,0.5600858369098712,0.2265072
0.09300682834942313,0.5600858369098712,0.22418174
0.09300682834942313,0.5611587982832618,0.22409347
0.09324228867435837,0.5611587982832618,0.22378923
0.09324228867435837,0.5622317596566524,0.22341813
0.09347774899929362,0.5622317596566524,0.223137
0.09347774899929362,0.5633047210300429,0.22117782
0.09394866964916411,0.5633047210300429,0.21816243
0.09394866964916411,0.5643776824034334,0.21471311
0.09441959029903461,0.5643776824034334,0.21326342
0.09441959029903461,0.5654506437768241,0.21271735
0.0948905109489051,0.5654506437768241,0.21218541
0.0948905109489051,0.5675965665236051,0.2116283
0.09512597127384036,0.5675965665236051,0.20976168
0.09512597127384036,0.5686695278969958,0.20839913
0.0963032728985166,0.5686695278969958,0.20648955
0.0963032728985166,0.5697424892703863,0.20583811
0.0972451141982576,0.5697424892703863,0.20228282
0.0972451141982576,0.5708154506437768,0.20211415
0.09771603484812809,0.5708154506437768,0.19869305
0.09771603484812809,0.572961373390558,0.19747983
0.09865787614786908,0.572961373390558,0.19295561
0.09865787614786908,0.575107296137339,0.19052964
0.09983517777254533,0.575107296137339,0.1872109
0.09983517777254533,0.5761802575107297,0.18708704
0.10054155874735107,0.5761802575107297,0.18552986
0.10054155874735107,0.5772532188841202,0.18442465
0.10077701907228633,0.5772532188841202,0.18419121
0.10077701907228633,0.5804721030042919,0.18344596
0.10171886037202732,0.5804721030042919,0.18116851
0.10171886037202732,0.5815450643776824,0.18072475
0.10242524134683306,0.5815450643776824,0.17884228
0.10289616199670355,0.5815450643776824,0.17871077
0.1031316223216388,0.5815450643776824,0.17758726
0.1031316223216388,0.5826180257510729,0.17682834
0.10383800329644455,0.5826180257510729,0.1763264
0.10383800329644455,0.5836909871244635,0.17573355
0.10454438427125029,0.5836909871244635,0.17244276
0.10454438427125029,0.5847639484978541,0.17146389
0.10595714622086179,0.5847639484978541,0.168608
0.10595714622086179,0.5858369098712446,0.16823624
0.10689898752060278,0.5858369098712446,0.16611707
0.10689898752060278,0.5869098712446352,0.1655258
0.10760536849540853,0.5869098712446352,0.16465308
0.10760536849540853,0.5879828326180258,0.16443196
0.10901813044502001,0.5879828326180258,0.16221914
0.10901813044502001,0.5890557939914163,0.16130678
0.10972451141982575,0.5890557939914163,0.1596545
0.10972451141982575,0.5901287553648069,0.15955244
0.11019543206969626,0.5901287553648069,0.15915175
0.11019543206969626,0.5912017167381974,0.15869606
0.11066635271956675,0.5912017167381974,0.15634759
0.11066635271956675,0.592274678111588,0.15599518
0.11113727336943725,0.592274678111588,0.15509033
0.11113727336943725,0.5933476394849786,0.15497567
0.11137273369437249,0.5933476394849786,0.15445864
0.11137273369437249,0.5954935622317596,0.15397015
0.11655286084294797,0.5954935622317596,0.14226356
0.11655286084294797,0.5987124463519313,0.14056706
0.11843654344242995,0.5987124463519313,0.13704914
0.11843654344242995,0.5997854077253219,0.13669235
0.11890746409230045,0.5997854077253219,0.13475686
0.11890746409230045,0.6008583690987125,0.13447955
0.11937838474217094,0.6008583690987125,0.13349569
0.11937838474217094,0.601931330472103,0.13343693
0.11984930539204144,0.601931330472103,0.1330508
0.11984930539204144,0.6030042918454935,0.1319775
0.12102660701671768,0.6030042918454935,0.13025619
0.12102660701671768,0.6040772532188842,0.13011916
0.12173298799152343,0.6040772532188842,0.12938555
0.12173298799152343,0.6062231759656652,0.12855913
0.12291028961619967,0.6062231759656652,0.12729846
0.12291028961619967,0.6072961373390557,0.1267748
0.12314574994113492,0.6072961373390557,0.1262222
0.12314574994113492,0.6083690987124464,0.12574887
0.12432305156581117,0.6083690987124464,0.12419341
0.12432305156581117,0.6094420600858369,0.124050334
0.1255003531904874,0.6094420600858369,0.12142883
0.1255003531904874,0.6115879828326181,0.12082319
0.1269131151400989,0.6115879828326181,0.118555434
0.1269131151400989,0.6126609442060086,0.11822423
0.12714857546503414,0.6126609442060086,0.11819278
0.12714857546503414,0.6137339055793991,0.11678944
0.12785495643983988,0.6137339055793991,0.11589716
0.12785495643983988,0.6148068669527897,0.11546956
0.12809041676477514,0.6148068669527897,0.11522505
0.12809041676477514,0.6158798283261803,0.11509258
0.12997409936425713,0.6158798283261803,0.11092115
0.12997409936425713,0.6169527896995708,0.11004925
0.13162232163880386,0.6169527896995708,0.10719841
0.13162232163880386,0.619098712446352,0.10619876
0.13185778196373912,0.619098712446352,0.106030285
0.13185778196373912,0.6201716738197425,0.10574706
0.1327996232634801,0.6201716738197425,0.10534885
0.1327996232634801,0.621244635193133,0.10470156
0.13303508358841534,0.621244635193133,0.10441264
0.13303508358841534,0.6223175965665236,0.1039434
0.1332705439133506,0.6223175965665236,0.10381287
0.1332705439133506,0.6233905579399142,0.102992795
0.1346833058629621,0.6233905579399142,0.101950906
0.1346833058629621,0.6244635193133047,0.10159418
0.13491876618789733,0.6244635193133047,0.1010917
0.13491876618789733,0.6255364806866953,0.10091654
0.13633152813750882,0.6255364806866953,0.09860367
0.13633152813750882,0.6266094420600858,0.09814623
0.13656698846244408,0.6266094420600858,0.09797077
0.13656698846244408,0.6276824034334764,0.09778067
0.13750882976218506,0.6276824034334764,0.09671966
0.13750882976218506,0.630901287553648,0.09639154
0.13774429008712033,0.630901287553648,0.09608534
0.13774429008712033,0.6330472103004292,0.09575751
0.1382152107369908,0.6330472103004292,0.09536976
0.1382152107369908,0.6341201716738197,0.09491283
0.1386861313868613,0.6341201716738197,0.09460447
0.1386861313868613,0.6351931330472103,0.0941849
0.13962797268660232,0.6351931330472103,0.09257213
0.13962797268660232,0.6362660944206009,0.092456065
0.14033435366140806,0.6362660944206009,0.09123915
0.14033435366140806,0.6373390557939914,0.09100194
0.1405698139863433,0.6373390557939914,0.09091273
0.1405698139863433,0.6394849785407726,0.09008527
0.14174711561101955,0.6394849785407726,0.088787
0.14174711561101955,0.6405579399141631,0.08862641
0.14221803626089005,0.6405579399141631,0.08832748
0.14221803626089005,0.6416309012875536,0.08809058
0.14268895691076053,0.6416309012875536,0.08740608
0.14268895691076053,0.6427038626609443,0.087292604
0.14315987756063103,0.6427038626609443,0.08719642
0.14315987756063103,0.6437768240343348,0.08679047
0.14410171886037204,0.6437768240343348,0.08511756
0.14410171886037204,0.6448497854077253,0.08482026
0.14457263951024252,0.6448497854077253,0.084417515
0.14457263951024252,0.6469957081545065,0.0842055
0.14480809983517778,0.6469957081545065,0.08403367
0.14480809983517778,0.648068669527897,0.083568804
0.14504356016011302,0.648068669527897,0.083275214
0.14504356016011302,0.6491416309012875,0.082954586
0.14551448080998353,0.6491416309012875,0.08288851
0.14551448080998353,0.6534334763948498,0.08182653
0.146927242759595,0.6534334763948498,0.08109602
0.146927242759595,0.6545064377682404,0.08075648
0.14716270308453025,0.6545064377682404,0.08054505
0.14716270308453025,0.6566523605150214,0.07991474
0.14763362373440075,0.6566523605150214,0.079184785
0.14763362373440075,0.657725321888412,0.07902481
0.147869084059336,0.657725321888412,0.078871414
0.147869084059336,0.6587982832618026,0.07879107
0.148810925359077,0.6587982832618026,0.07783137
0.148810925359077,0.6598712446351931,0.07778252
0.1492818460089475,0.6598712446351931,0.077140905
0.1492818460089475,0.6620171673819742,0.076420546
0.14975276665881798,0.6620171673819742,0.07626043
0.14975276665881798,0.6630901287553648,0.07625765
0.15022368730868849,0.6630901287553648,0.07613541
0.15022368730868849,0.6641630901287554,0.076096326
0.15045914763362372,0.6641630901287554,0.07600691
0.15045914763362372,0.6652360515021459,0.07507084
0.15304921120791146,0.6652360515021459,0.07221368
0.15304921120791146,0.6663090128755365,0.071251914
0.15352013185778196,0.6663090128755365,0.07089014
0.15352013185778196,0.6673819742489271,0.070636936
0.15681657640687544,0.6673819742489271,0.06662334
0.15681657640687544,0.6695278969957081,0.06658371
0.15822933835648692,0.6695278969957081,0.065935455
0.15822933835648692,0.6706008583690987,0.065753676
0.15917117965622793,0.6706008583690987,0.0648862
0.15917117965622793,0.6716738197424893,0.06476556
0.16058394160583941,0.6716738197424893,0.06353597
0.16058394160583941,0.6727467811158798,0.06351478
0.1667059100541559,0.6727467811158798,0.059198733
0.1667059100541559,0.6738197424892703,0.05892689
0.16811867200376737,0.6738197424892703,0.05793256
0.16811867200376737,0.6759656652360515,0.05759897
0.16858959265363785,0.6759656652360515,0.05730741
0.16858959265363785,0.6781115879828327,0.057122108
0.16929597362844362,0.6781115879828327,0.05665596
0.16929597362844362,0.6791845493562232,0.0566317
0.17188603720273135,0.6791845493562232,0.05397935
0.17235695785260183,0.6791845493562232,0.053945933
0.17235695785260183,0.6802575107296137,0.05384603
0.17329879915234284,0.6802575107296137,0.053027578
0.17329879915234284,0.6824034334763949,0.05270453
0.17400518012714858,0.6824034334763949,0.052387647
0.17400518012714858,0.6834763948497854,0.052282047
0.1756534024016953,0.6834763948497854,0.05165811
0.1756534024016953,0.6845493562231759,0.051655814
0.17683070402637155,0.6845493562231759,0.051215794
0.17683070402637155,0.6856223175965666,0.05098602
0.1780080056510478,0.6856223175965666,0.050178386
0.1780080056510478,0.6866952789699571,0.05014932
0.17824346597598303,0.6866952789699571,0.050065372
0.17824346597598303,0.6877682403433476,0.049936935
0.17871438662585354,0.6877682403433476,0.049766026
0.17871438662585354,0.6888412017167382,0.04974683
0.18012714857546502,0.6888412017167382,0.049390692
0.18012714857546502,0.6899141630901288,0.049369313
0.18248175182481752,0.6899141630901288,0.04831281
0.18248175182481752,0.6909871244635193,0.048270635
0.1843654344242995,0.6909871244635193,0.046551023
0.1843654344242995,0.6920600858369099,0.04650728
0.185778196373911,0.6920600858369099,0.04594541
0.185778196373911,0.6974248927038627,0.04572829
0.18601365669884626,0.6974248927038627,0.04559999
0.18601365669884626,0.6984978540772532,0.045487165
0.1862491170237815,0.6984978540772532,0.04545622
0.1862491170237815,0.7006437768240343,0.045068037
0.18695549799858724,0.7006437768240343,0.044918194
0.18695549799858724,0.7017167381974249,0.04451168
0.18719095832352248,0.7017167381974249,0.044270225
0.18719095832352248,0.7027896995708155,0.044242468
0.18766187897339298,0.7027896995708155,0.044064283
0.18766187897339298,0.703862660944206,0.04367419
0.18883918059806923,0.703862660944206,0.042750996
0.18883918059806923,0.7049356223175965,0.04273171
0.19072286319755122,0.7049356223175965,0.042044155
0.19072286319755122,0.7060085836909872,0.041998327
0.19095832352248646,0.7060085836909872,0.04132915
0.19095832352248646,0.7070815450643777,0.041309934
0.19967035554509066,0.7070815450643777,0.037238885
0.19967035554509066,0.7081545064377682,0.037212145
0.2003767365198964,0.7081545064377682,0.03672939
0.2003767365198964,0.7092274678111588,0.036680143
0.20249587944431363,0.7092274678111588,0.03527992
0.20249587944431363,0.7103004291845494,0.03525755
0.20273133976924887,0.7103004291845494,0.0351504
0.20273133976924887,0.7113733905579399,0.035136368
0.20437956204379562,0.7113733905579399,0.034180947
0.20437956204379562,0.7124463519313304,0.03415035
0.20602778431834237,0.7124463519313304,0.033579826
0.20602778431834237,0.7135193133047211,0.03347324
0.20649870496821285,0.7135193133047211,0.03341389
0.20649870496821285,0.7145922746781116,0.03325074
0.20673416529314811,0.7145922746781116,0.03310838
0.20673416529314811,0.7167381974248928,0.03293784
0.2081469272427596,0.7167381974248928,0.032609608
0.2081469272427596,0.7188841201716738,0.032121323
0.21073699081704733,0.7188841201716738,0.030966219
0.21073699081704733,0.7199570815450643,0.030939048
0.21097245114198257,0.7199570815450643,0.030929577
0.21097245114198257,0.721030042918455,0.030857783
0.21120791146691784,0.721030042918455,0.030448614
0.21120791146691784,0.723175965665236,0.03029376
0.2116788321167883,0.723175965665236,0.030130845
0.2116788321167883,0.7274678111587983,0.029859839
0.21473981634094655,0.7274678111587983,0.02877879
0.21473981634094655,0.7285407725321889,0.028745262
0.2154461973157523,0.7285407725321889,0.028448906
0.2154461973157523,0.73068669527897,0.028438788
0.21732987991523428,0.73068669527897,0.028028164
0.21732987991523428,0.7317596566523605,0.028026303
0.21874264186484577,0.7317596566523605,0.027704729
0.21874264186484577,0.7328326180257511,0.027652744
0.22015540381445725,0.7328326180257511,0.027362617
0.22015540381445725,0.7339055793991416,0.027337166
0.2241582293383565,0.7339055793991416,0.026565602
0.2241582293383565,0.7360515021459227,0.026380857
0.22557099128796798,0.7360515021459227,0.025999453
0.22557099128796798,0.7371244635193133,0.025993032
0.22604191193783849,0.7371244635193133,0.025902405
0.22604191193783849,0.7381974248927039,0.025761299
0.22627737226277372,0.7381974248927039,0.025713038
0.22627737226277372,0.740343347639485,0.02567293
0.22698375323757947,0.740343347639485,0.025482338
0.22698375323757947,0.7414163090128756,0.025454314
0.2276901342123852,0.7414163090128756,0.025235854
0.2276901342123852,0.7424892703862661,0.025231604
0.2291028961619967,0.7424892703862661,0.024866385
0.2291028961619967,0.7446351931330472,0.024599764
0.22980927713680244,0.7446351931330472,0.024308566
0.22980927713680244,0.7457081545064378,0.024212424
0.2300447374617377,0.7457081545064378,0.024155471
0.2300447374617377,0.7467811158798283,0.024070194
0.23122203908641395,0.7467811158798283,0.023645064
0.23122203908641395,0.7478540772532188,0.02363969
0.23263480103602543,0.7478540772532188,0.023276268
0.23263480103602543,0.75,0.02317871
0.23757946785966563,0.75,0.021271085
0.23757946785966563,0.7510729613733905,0.02118286
0.2382858488344714,0.7510729613733905,0.02099083
0.2382858488344714,0.7521459227467812,0.020981193
0.23875676948434188,0.7521459227467812,0.020819778
0.23875676948434188,0.7532188841201717,0.020582259
0.24181775370850012,0.7532188841201717,0.019973474
0.24181775370850012,0.7542918454935622,0.019967042
0.24393689663291734,0.7542918454935622,0.019460596
0.24393689663291734,0.7553648068669528,0.019380141
0.2446432776077231,0.7553648068669528,0.019284304
0.2446432776077231,0.7564377682403434,0.019181514
0.24534965858252886,0.7564377682403434,0.019022277
0.24534965858252886,0.7575107296137339,0.018948905
0.2455851189074641,0.7575107296137339,0.018923368
0.2455851189074641,0.759656652360515,0.018873896
0.24582057923239933,0.759656652360515,0.018872289
0.24582057923239933,0.7607296137339056,0.018871425
0.2460560395573346,0.7607296137339056,0.018768802
0.2460560395573346,0.7618025751072961,0.018686336
0.24699788085707558,0.7618025751072961,0.018537182
0.24699788085707558,0.7628755364806867,0.018472709
0.24723334118201082,0.7628755364806867,0.018353643
0.24723334118201082,0.7639484978540773,0.018334039
0.2491170237814928,0.7639484978540773,0.017753813
0.2491170237814928,0.7650214592274678,0.017740872
0.2502943254061691,0.7650214592274678,0.01718687
0.2502943254061691,0.7660944206008584,0.017166963
0.25076524605603956,0.7660944206008584,0.017042361
0.25076524605603956,0.7682403433476395,0.016920894
0.2514716270308453,0.7682403433476395,0.016868474
0.2514716270308453,0.76931330472103,0.016864775
0.255945373204615,0.76931330472103,0.01602944
0.255945373204615,0.7703862660944206,0.016017392
0.25947727807864374,0.7703862660944206,0.015456906
0.25947727807864374,0.7714592274678111,0.015385616
0.2611255003531905,0.7714592274678111,0.01515465
0.2611255003531905,0.7736051502145923,0.015069702
0.26536378620202494,0.7736051502145923,0.014613579
0.26536378620202494,0.7746781115879828,0.014590203
0.26630562750176595,0.7746781115879828,0.014395523
0.26630562750176595,0.7757510729613734,0.014381231
0.26748292912644217,0.7757510729613734,0.014211457
0.26748292912644217,0.776824034334764,0.014153644
0.26771838945137744,0.776824034334764,0.014149029
0.26771838945137744,0.7778969957081545,0.014092952
0.2707793736755357,0.7778969957081545,0.01366434
0.27125029432540615,0.7778969957081545,0.0136466995
0.2717212149752767,0.7778969957081545,0.013644362
0.2717212149752767,0.778969957081545,0.013614661
0.27313397692488817,0.778969957081545,0.013508057
0.27313397692488817,0.7800429184549357,0.013487537
0.27360489757475864,0.7800429184549357,0.0134734195
0.27360489757475864,0.7811158798283262,0.013424964
0.2738403578996939,0.7811158798283262,0.013417295
0.2738403578996939,0.7821888412017167,0.013411307
0.2740758182246292,0.7821888412017167,0.0133719025
0.2740758182246292,0.7832618025751072,0.013248006
0.27501765952437013,0.7832618025751072,0.013177697
0.27501765952437013,0.7843347639484979,0.0131684365
0.27595950082411114,0.7843347639484979,0.0129544195
0.2764304214739816,0.7843347639484979,0.012940445
0.2764304214739816,0.7854077253218884,0.012932963
0.2790204850482694,0.7854077253218884,0.012529281
0.2790204850482694,0.7864806866952789,0.012514061
0.28090416764775133,0.7864806866952789,0.012298012
0.28090416764775133,0.7875536480686696,0.012211781
0.2816105486225571,0.7875536480686696,0.012142272
0.2816105486225571,0.7886266094420601,0.012134733
0.2820814692724276,0.7886266094420601,0.0120729795
0.2820814692724276,0.7896995708154506,0.012024461
0.28325877089710383,0.7896995708154506,0.011794201
0.28325877089710383,0.7907725321888412,0.011777131
0.28514245349658585,0.7907725321888412,0.011593179
0.28514245349658585,0.7918454935622318,0.011581034
0.28631975512126207,0.7918454935622318,0.011403812
0.28631975512126207,0.7929184549356223,0.011336002
0.2884388980456793,0.7929184549356223,0.011166118
0.2884388980456793,0.7939914163090128,0.011141704
0.28961619967035557,0.7939914163090128,0.011069472
0.28961619967035557,0.7950643776824035,0.011069104
0.29008712032022604,0.7950643776824035,0.011025335
0.29008712032022604,0.7972103004291845,0.010981269
0.29244172356957854,0.7972103004291845,0.010695028
0.29244172356957854,0.7982832618025751,0.01067814
0.2931481045443843,0.7982832618025751,0.0106297415
0.2931481045443843,0.7993562231759657,0.010626814
0.2940899458441253,0.7993562231759657,0.010496481
0.2940899458441253,0.8004291845493562,0.010492952
0.29832823169295974,0.8004291845493562,0.010143712
0.29832823169295974,0.8015021459227468,0.010143636
0.2987991523428302,0.8015021459227468,0.010098296
0.2987991523428302,0.8025751072961373,0.0100841345
0.29950553331763596,0.8025751072961373,0.0099477125
0.29950553331763596,0.8036480686695279,0.009923743
0.2999764539675065,0.8036480686695279,0.0098890355
0.2999764539675065,0.8047210300429185,0.0098656155
0.30091829526724745,0.8047210300429185,0.009791908
0.30091829526724745,0.805793991416309,0.009787086
0.3046856604662114,0.805793991416309,0.009423974
0.3046856604662114,0.8068669527896996,0.009420596
0.30680480339062866,0.8068669527896996,0.009293759
0.30680480339062866,0.8079399141630901,0.009286863
0.3070402637155639,0.8079399141630901,0.00928555
0.3070402637155639,0.8090128755364807,0.009260312
0.3098657876147869,0.8090128755364807,0.008896695
0.3098657876147869,0.8111587982832618,0.00886892
0.3103367082646574,0.8111587982832618,0.008797848
0.3103367082646574,0.8133047210300429,0.008758774
0.3108076289145279,0.8133047210300429,0.008754801
0.3108076289145279,0.8143776824034334,0.00865785
0.3155168354132329,0.8143776824034334,0.00821329
0.3155168354132329,0.8154506437768241,0.008172694
0.3166941370379091,0.8154506437768241,0.008083178
0.3166941370379091,0.8165236051502146,0.008064056
0.3169295973628444,0.8165236051502146,0.008002352
0.3169295973628444,0.8175965665236051,0.007995207
0.31740051801271485,0.8175965665236051,0.007968482
0.31740051801271485,0.8186695278969958,0.007964981
0.3272898516599953,0.8186695278969958,0.0070296144
0.3272898516599953,0.8197424892703863,0.0070217764
0.32799623263480104,0.8197424892703863,0.0069862343
0.32799623263480104,0.8208154506437768,0.0069726887
0.32917353425947726,0.8208154506437768,0.006797937
0.32917353425947726,0.8218884120171673,0.0067863315
0.329879915234283,0.8218884120171673,0.006717636
0.329879915234283,0.822961373390558,0.0067079547
0.3312926771838945,0.822961373390558,0.0065436177
0.3312926771838945,0.8240343347639485,0.0065255375
0.33152813750882976,0.8240343347639485,0.006519561
0.33152813750882976,0.825107296137339,0.0065124403
0.33246997880857077,0.825107296137339,0.0064622406
0.33246997880857077,0.8261802575107297,0.0064530885
0.3334118201083118,0.8261802575107297,0.00636797
0.3334118201083118,0.8283261802575107,0.006337019
0.33647280433246995,0.8283261802575107,0.006129564
0.33647280433246995,0.8304721030042919,0.00609042
0.3371791853072757,0.8304721030042919,0.0059873355
0.3371791853072757,0.8326180257510729,0.005984876
0.33741464563221096,0.8326180257510729,0.005982361
0.33741464563221096,0.8336909871244635,0.00598183
0.3381210266070167,0.8336909871244635,0.005911906
0.3381210266070167,0.8347639484978541,0.0059013246
0.34024016953143393,0.8347639484978541,0.0057879593
0.34024016953143393,0.8358369098712446,0.005787567
0.3409465505062397,0.8358369098712446,0.0057853167
0.3409465505062397,0.8369098712446352,0.00577489
0.34235931245585116,0.8369098712446352,0.005683549
0.34235931245585116,0.8379828326180258,0.0056706606
0.3425947727807864,0.8379828326180258,0.005629828
0.3425947727807864,0.8390557939914163,0.0056242943
0.34447845538026844,0.8390557939914163,0.0055357195
0.34447845538026844,0.8401287553648069,0.0055329916
0.3451848363550742,0.8401287553648069,0.0055063628
0.3451848363550742,0.842274678111588,0.0054716324
0.34612667765481514,0.842274678111588,0.0054020355
0.34612667765481514,0.8433476394849786,0.0053948034
0.3475394396044267,0.8433476394849786,0.005348868
0.3475394396044267,0.8454935622317596,0.005323737
0.3487167412291029,0.8454935622317596,0.0052597113
0.3491876618789734,0.8454935622317596,0.0052303034
0.35083588415352013,0.8454935622317596,0.005103005
0.35083588415352013,0.8476394849785408,0.0050682584
0.35860607487638335,0.8476394849785408,0.0047087567
0.35860607487638335,0.8487124463519313,0.0046755276
0.35884153520131856,0.8487124463519313,0.004658825
0.35884153520131856,0.8497854077253219,0.004651478
0.3614315987756063,0.8497854077253219,0.0045648804
0.3614315987756063,0.8508583690987125,0.0045528524
0.36708264657405226,0.8508583690987125,0.0043547223
0.36708264657405226,0.851931330472103,0.004352336
0.36990817047327523,0.851931330472103,0.0042757136
0.36990817047327523,0.8530042918454935,0.004270594
0.3701436307982105,0.8530042918454935,0.004263812
0.3701436307982105,0.8551502145922747,0.0042559495
0.3720273133976925,0.8551502145922747,0.004170216
0.3720273133976925,0.8562231759656652,0.0041541327
0.3722627737226277,0.8562231759656652,0.004153282
0.3722627737226277,0.8572961373390557,0.0041528996
0.3769719802213327,0.8572961373390557,0.0039407224
0.3769719802213327,0.8594420600858369,0.0039351135
0.3788556628208147,0.8594420600858369,0.0038881311
0.3788556628208147,0.8605150214592274,0.0038523811
0.3795620437956204,0.8605150214592274,0.0038386215
0.3795620437956204,0.8615879828326181,0.003833684
0.3807393454202967,0.8615879828326181,0.0037661132
0.3807393454202967,0.8637339055793991,0.0037649241
0.38168118672003765,0.8637339055793991,0.0037141074
0.38168118672003765,0.8648068669527897,0.003712672
0.3821521073699082,0.8648068669527897,0.0037010978
0.3821521073699082,0.8658798283261803,0.0036880146
0.3880386154932894,0.8658798283261803,0.0035276373
0.3880386154932894,0.8669527896995708,0.0035091895
0.3910995997174476,0.8669527896995708,0.0033985912
0.3910995997174476,0.8680257510729614,0.003396468
0.3960442665410878,0.8680257510729614,0.0032612593
0.3960442665410878,0.869098712446352,0.0032550727
0.3962797268660231,0.869098712446352,0.0032472182
0.3962797268660231,0.8701716738197425,0.0032462412
0.4002825523899223,0.8701716738197425,0.00312646
0.4002825523899223,0.871244635193133,0.0031187453
0.40499175888862726,0.871244635193133,0.002998643
0.40499175888862726,0.8723175965665236,0.0029980447
0.40546267953849774,0.8723175965665236,0.002993111
0.40546267953849774,0.8733905579399142,0.002989151
0.40593360018836827,0.8733905579399142,0.002988251
0.40781728278785023,0.8733905579399142,0.0029331949
0.40781728278785023,0.8755364806866953,0.0029265722
0.408523663762656,0.8755364806866953,0.002898495
0.408523663762656,0.8766094420600858,0.0028914968
0.4106428066870732,0.8766094420600858,0.0028288583
0.4106428066870732,0.8776824034334764,0.00282774
0.41558747351071346,0.8776824034334764,0.0026916133
0.41558747351071346,0.878755364806867,0.0026780942
0.41582293383564867,0.878755364806867,0.0026725365
0.41582293383564867,0.8798283261802575,0.0026700979
0.4172356957852602,0.8798283261802575,0.002619224
0.4172356957852602,0.880901287553648,0.0026169452
0.4198257593595479,0.880901287553648,0.0025323327
0.4198257593595479,0.8819742489270386,0.0025319732
0.4202966800094184,0.8819742489270386,0.0025292488
0.4202966800094184,0.8830472103004292,0.0025111958
0.42100306098422413,0.8830472103004292,0.0024799274
0.42100306098422413,0.8841201716738197,0.0024780931
0.4235931245585119,0.8841201716738197,0.0024274352
0.4235931245585119,0.8851931330472103,0.002405106
0.42406404520838237,0.8851931330472103,0.0023886333
0.4245349658582529,0.8851931330472103,0.0023637598
0.4247704261831881,0.8851931330472103,0.0023592836
0.4247704261831881,0.8862660944206009,0.0023469971
0.4257122674829291,0.8862660944206009,0.0023274953
0.4257122674829291,0.8873390557939914,0.0023229155
0.4290087120320226,0.8873390557939914,0.002245683
0.4290087120320226,0.8884120171673819,0.0022455545
0.43018601365669884,0.8884120171673819,0.0022066792
0.43018601365669884,0.8894849785407726,0.0022060713
0.4318342359312456,0.8894849785407726,0.0021878334
0.4318342359312456,0.8905579399141631,0.0021873075
0.43254061690605133,0.8905579399141631,0.002175183
0.43254061690605133,0.8927038626609443,0.0021688892
0.4344242995055333,0.8927038626609443,0.0021305005
0.4344242995055333,0.8937768240343348,0.0021295233
0.4353661408052743,0.8937768240343348,0.0021170226
0.4353661408052743,0.8959227467811158,0.0021048381
0.438898045679303,0.8959227467811158,0.0020003761
0.438898045679303,0.8969957081545065,0.001995288
0.4391335060042383,0.8969957081545065,0.0019869714
0.4391335060042383,0.898068669527897,0.0019839176
0.4410171886037203,0.898068669527897,0.0019475933
0.4414881092535908,0.898068669527897,0.0019474766
0.44313633152813753,0.898068669527897,0.0019223305
0.44313633152813753,0.8991416309012875,0.0019183789
0.44431363315281375,0.8991416309012875,0.0018835093
0.44431363315281375,0.9002145922746781,0.001880677
0.4499646809512597,0.9002145922746781,0.0017954251
0.4499646809512597,0.9012875536480687,0.001794301
0.45114198257593596,0.9012875536480687,0.0017745047
0.45114198257593596,0.9023605150214592,0.0017635749
0.45161290322580644,0.9023605150214592,0.0017618219
0.45161290322580644,0.9045064377682404,0.001756861
0.4577348716741229,0.9045064377682404,0.0016464627
0.4577348716741229,0.9055793991416309,0.0016437004
0.46197315752295737,0.9055793991416309,0.0015709221
0.46197315752295737,0.9066523605150214,0.0015688874
0.4706851895455616,0.9066523605150214,0.0014448692
0.4706851895455616,0.907725321888412,0.0014429867
0.4782199199434895,0.907725321888412,0.0012733621
0.4782199199434895,0.9087982832618026,0.0012718394
0.47845538026842477,0.9087982832618026,0.0012672299
0.47845538026842477,0.9098712446351931,0.0012634282
0.4801036025429715,0.9098712446351931,0.0012371391
0.4801036025429715,0.9109442060085837,0.0012364574
0.48316458676712976,0.9109442060085837,0.0011997062
0.48363550741700023,0.9109442060085837,0.0011992997
0.48551919001648225,0.9109442060085837,0.001179549
0.48551919001648225,0.9120171673819742,0.0011782402
0.48716741229102895,0.9120171673819742,0.0011544902
0.48716741229102895,0.9130901287553648,0.0011534592
0.4947021426889569,0.9130901287553648,0.0010649276
0.4947021426889569,0.9141630901287554,0.0010630662
0.4970567459383094,0.9141630901287554,0.0010322428
0.4970567459383094,0.9152360515021459,0.0010314407
0.5001177301624676,0.9152360515021459,0.0010004917
0.5001177301624676,0.9163090128755365,0.0010002437
0.5029432540616906,0.9163090128755365,0.00097525213
0.5029432540616906,0.9173819742489271,0.0009747371
0.5085943018601365,0.9173819742489271,0.00091480016
0.5085943018601365,0.9184549356223176,0.000914498
0.5088297621850718,0.9184549356223176,0.00091399706
0.5088297621850718,0.9195278969957081,0.00091309665
0.5123616670591006,0.9195278969957081,0.0008786706
0.5123616670591006,0.9206008583690987,0.00086946326
0.5140098893336473,0.9206008583690987,0.0008554441
0.5140098893336473,0.9216738197424893,0.00085269567
0.514716270308453,0.9216738197424893,0.0008496277
0.514716270308453,0.9238197424892703,0.00084790296
0.5201318577819637,0.9238197424892703,0.0008156685
0.5201318577819637,0.924892703862661,0.00081437995
0.5220155403814457,0.924892703862661,0.0008006282
0.5220155403814457,0.9259656652360515,0.0007997697
0.522251000706381,0.9259656652360515,0.0007896309
0.522251000706381,0.927038626609442,0.0007893312
0.5229573816811868,0.927038626609442,0.0007871883
0.5229573816811868,0.9281115879828327,0.00078648416
0.5271956675300212,0.9281115879828327,0.00074998225
0.5271956675300212,0.9291845493562232,0.0007498665
0.5274311278549565,0.9291845493562232,0.00074933737
0.5274311278549565,0.9302575107296137,0.00074894493
0.5307275724040499,0.9302575107296137,0.0007310426
0.5311984930539204,0.9302575107296137,0.0007292644
0.5356722392276901,0.9302575107296137,0.00070848985
0.5356722392276901,0.9313304721030042,0.0007080665
0.5387332234518484,0.9313304721030042,0.00068547885
0.5387332234518484,0.9324034334763949,0.0006821512
0.5408523663762655,0.9324034334763949,0.0006667137
0.5408523663762655,0.9334763948497854,0.000662593
0.5448551919001648,0.9334763948497854,0.0006391127
0.5448551919001648,0.9345493562231759,0.0006386121
0.5450906522251001,0.9345493562231759,0.00063637225
0.5450906522251001,0.9356223175965666,0.00063496147
0.5580409700965387,0.9356223175965666,0.00056499854
0.5580409700965387,0.9366952789699571,0.0005625122
0.561101954320697,0.9366952789699571,0.0005450662
0.561101954320697,0.9377682403433476,0.0005439728
0.5749941134918766,0.9377682403433476,0.00046747914
0.5749941134918766,0.9399141630901288,0.0004640911
0.5771132564162939,0.9399141630901288,0.0004531359
0.5771132564162939,0.9409871244635193,0.0004524835
0.5778196373910996,0.9409871244635193,0.0004492037
0.5778196373910996,0.9420600858369099,0.00044755006
0.5801742406404521,0.9420600858369099,0.0004399963
0.5801742406404521,0.9431330472103004,0.0004390788
0.5813515422651283,0.9431330472103004,0.00043582867
0.5813515422651283,0.944206008583691,0.0004334017
0.5881798916882506,0.944206008583691,0.00039848624
0.5881798916882506,0.9452789699570815,0.0003978679
0.5940663998116318,0.9452789699570815,0.00037808772
0.5940663998116318,0.9463519313304721,0.00037785844
0.607487638332941,0.9463519313304721,0.00033484577
0.607487638332941,0.9474248927038627,0.00033362812
0.6124323051565811,0.9474248927038627,0.00031326374
0.6124323051565811,0.9484978540772532,0.00031196486
0.6131386861313869,0.9484978540772532,0.0003085684
0.6131386861313869,0.9495708154506438,0.0003062314
0.6213797975041205,0.9495708154506438,0.00028862816
0.6213797975041205,0.9506437768240343,0.00028835054
0.6220861784789263,0.9506437768240343,0.00028400155
0.6220861784789263,0.9517167381974249,0.00028378304
0.6244407817282788,0.9517167381974249,0.0002779356
0.6244407817282788,0.9527896995708155,0.00027742828
0.6296209088768543,0.9527896995708155,0.00025886815
0.6296209088768543,0.953862660944206,0.00025853177
0.6298563692017894,0.953862660944206,0.00025838517
0.6298563692017894,0.9549356223175965,0.00025667305
0.6307982105015305,0.9549356223175965,0.00025369288
0.6307982105015305,0.9560085836909872,0.0002526203
0.6376265599246527,0.9560085836909872,0.00023939853
0.6376265599246527,0.9570815450643777,0.00023907088
0.6388038615493289,0.9570815450643777,0.00023631899
0.6388038615493289,0.9581545064377682,0.00023432195
0.6392747821991994,0.9581545064377682,0.00023371392
0.6392747821991994,0.9592274678111588,0.00023362078
0.6475158935719332,0.9592274678111588,0.00021292196
0.6475158935719332,0.9603004291845494,0.00021239504
0.6484577348716741,0.9603004291845494,0.00021050281
0.6484577348716741,0.9613733905579399,0.00021019309
0.6602307511184365,0.9613733905579399,0.00018330364
0.6602307511184365,0.9624463519313304,0.00018285213
0.6604662114433718,0.9624463519313304,0.00018232087
0.6604662114433718,0.9635193133047211,0.00018222301
0.6661172592418177,0.9635193133047211,0.00017032011
0.6661172592418177,0.9645922746781116,0.00017006688
0.6701200847657169,0.9645922746781116,0.00016445876
0.6701200847657169,0.9656652360515021,0.00016412958
0.6712973863903933,0.9656652360515021,0.00016054665
0.6712973863903933,0.9678111587982833,0.00015981452
0.6856604662114434,0.9678111587982833,0.00013116006
0.6856604662114434,0.9688841201716738,0.00013105282
0.6882505297857311,0.9688841201716738,0.0001261891
0.6887214504356016,0.9688841201716738,0.00012618565
0.6969625618083353,0.9688841201716738,0.000113834096
0.6969625618083353,0.9699570815450643,0.00011369437
0.7019072286319755,0.9699570815450643,0.00010455278
0.7019072286319755,0.971030042918455,0.0001045274
0.7101483400047092,0.971030042918455,9.443409e-05
0.7101483400047092,0.9721030042918455,9.4115196e-05
0.7125029432540617,0.9721030042918455,9.17706e-05
0.7125029432540617,0.973175965665236,9.176596e-05
0.7132093242288674,0.973175965665236,9.1091126e-05
0.7132093242288674,0.9742489270386266,9.100886e-05
0.7136802448787379,0.9742489270386266,9.077862e-05
0.7136802448787379,0.9753218884120172,9.0488924e-05
0.7216858959265364,0.9753218884120172,8.225784e-05
0.7216858959265364,0.9763948497854077,8.212271e-05
0.7318106898987521,0.9763948497854077,7.213385e-05
0.7322816105486225,0.9763948497854077,7.1968214e-05
0.7414645632210972,0.9763948497854077,6.500228e-05
0.7414645632210972,0.9774678111587983,6.4993e-05
0.7445255474452555,0.9774678111587983,6.292727e-05
0.7445255474452555,0.9785407725321889,6.284573e-05
0.747821991994349,0.9785407725321889,6.049658e-05
0.747821991994349,0.9796137339055794,6.0349084e-05
0.7515893571933129,0.9796137339055794,5.766183e-05
0.7515893571933129,0.98068669527897,5.726924e-05
0.7605368495408523,0.98068669527897,5.0340655e-05
0.7605368495408523,0.9817596566523605,4.9458606e-05
0.7610077701907229,0.9817596566523605,4.9375092e-05
0.7610077701907229,0.9828326180257511,4.9269936e-05
0.7624205321403343,0.9828326180257511,4.8318852e-05
0.7624205321403343,0.9849785407725322,4.8236187e-05
0.7680715799387803,0.9849785407725322,4.5035704e-05
0.7680715799387803,0.9860515021459227,4.493512e-05
0.7694843418883918,0.9860515021459227,4.3738422e-05
0.7694843418883918,0.9871244635193133,4.3595715e-05
0.7706616435130681,0.9871244635193133,4.2625794e-05
0.7706616435130681,0.9881974248927039,4.2542e-05
0.7741935483870968,0.9881974248927039,3.9998373e-05
0.7746644690369673,0.9881974248927039,3.9985644e-05
0.7789027548858017,0.9881974248927039,3.6956513e-05
0.7789027548858017,0.9892703862660944,3.690484e-05
0.7796091358606075,0.9892703862660944,3.668582e-05
0.7796091358606075,0.990343347639485,3.657651e-05
0.7935012950317871,0.990343347639485,3.056489e-05
0.7935012950317871,0.9914163090128756,3.054963e-05
0.8083352955027078,0.9914163090128756,2.4564992e-05
0.8083352955027078,0.9924892703862661,2.452671e-05
0.8389451377442901,0.9924892703862661,1.3844045e-05
0.8389451377442901,0.9935622317596566,1.3794295e-05
0.8394160583941606,0.9935622317596566,1.3494939e-05
0.8394160583941606,0.9946351931330472,1.3405164e-05
0.8504826936661173,0.9946351931330472,1.0897453e-05
0.8504826936661173,0.9957081545064378,1.0886723e-05
0.8561337414645632,0.9957081545064378,9.998804e-06
0.8566046621144338,0.9957081545064378,9.948963e-06
0.8862726630562751,0.9957081545064378,5.5606297e-06
0.8862726630562751,0.9967811158798283,5.5022624e-06
0.8874499646809513,0.9967811158798283,5.383733e-06
0.8874499646809513,0.9978540772532188,5.3474273e-06
0.8949846950788792,0.9978540772532188,4.3561045e-06
0.8949846950788792,0.9989270386266095,4.349963e-06
0.8956910760536849,0.9989270386266095,4.289998e-06
0.8956910760536849,1.0,4.2525844e-06
1.0,1.0,2.2848108e-09
